caso|pasoPrueba|dProdAut|cantidadErrores|error1|error2|error3|error4|error5|error6|error7|error8|error9|error10
1|NO|0|1|Area de datos del WS feRecepEvento 1 The type initializer for 'Oracle.DataAccess.Client.OracleConnection' threw an exception.| | | | | | | | | 
2|NO|0|1|Area de datos del WS feRecepEvento 1 The type initializer for 'Oracle.DataAccess.Client.OracleConnection' threw an exception.| | | | | | | | | 
3|NO|0|1|Area de datos del WS feRecepEvento 1 The type initializer for 'Oracle.DataAccess.Client.OracleConnection' threw an exception.| | | | | | | | | 
4|NO|0|1|Area de datos del WS feRecepEvento 1 The type initializer for 'Oracle.DataAccess.Client.OracleConnection' threw an exception.| | | | | | | | | 
5|NO|0|1|Area de datos del WS feRecepEvento 1 The type initializer for 'Oracle.DataAccess.Client.OracleConnection' threw an exception.| | | | | | | | | 
6|NO|0|1|Area de datos del WS feRecepEvento 1 The type initializer for 'Oracle.DataAccess.Client.OracleConnection' threw an exception.| | | | | | | | | 
7|NO|0|1|Area de datos del WS feRecepEvento 1 The type initializer for 'Oracle.DataAccess.Client.OracleConnection' threw an exception.| | | | | | | | | 
8|NO|0|1|Area de datos del WS feRecepEvento 1 The type initializer for 'Oracle.DataAccess.Client.OracleConnection' threw an exception.| | | | | | | | | 
9|NO|0|1|Area de datos del WS feRecepEvento 1 The type initializer for 'Oracle.DataAccess.Client.OracleConnection' threw an exception.| | | | | | | | | 
10|NO|0|1|Area de datos del WS feRecepEvento 1 The type initializer for 'Oracle.DataAccess.Client.OracleConnection' threw an exception.| | | | | | | | | 
11|NO|0|1|Area de datos del WS feRecepEvento 1 The type initializer for 'Oracle.DataAccess.Client.OracleConnection' threw an exception.| | | | | | | | | 
12|NO|0|1|Area de datos del WS feRecepEvento 1 The type initializer for 'Oracle.DataAccess.Client.OracleConnection' threw an exception.| | | | | | | | | 
13|NO|0|1|Area de datos del WS feRecepEvento 1 The type initializer for 'Oracle.DataAccess.Client.OracleConnection' threw an exception.| | | | | | | | | 
14|NO|0|1|Area de datos del WS feRecepEvento 1 The type initializer for 'Oracle.DataAccess.Client.OracleConnection' threw an exception.| | | | | | | | | 
15|NO|0|1|Area de datos del WS feRecepEvento 1 The type initializer for 'Oracle.DataAccess.Client.OracleConnection' threw an exception.| | | | | | | | | 
16|NO|0|1|Area de datos del WS feRecepEvento 1 The type initializer for 'Oracle.DataAccess.Client.OracleConnection' threw an exception.| | | | | | | | | 
17|NO|0|1|Area de datos del WS feRecepEvento 1 The type initializer for 'Oracle.DataAccess.Client.OracleConnection' threw an exception.| | | | | | | | | 
18|NO|0|1|Area de datos del WS feRecepEvento 1 The type initializer for 'Oracle.DataAccess.Client.OracleConnection' threw an exception.| | | | | | | | | 
19|NO|0|1|Area de datos del WS feRecepEvento 1 The type initializer for 'Oracle.DataAccess.Client.OracleConnection' threw an exception.| | | | | | | | | 
20|NO|0|1|Area de datos del WS feRecepEvento 1 The type initializer for 'Oracle.DataAccess.Client.OracleConnection' threw an exception.| | | | | | | | | 
